{
  "metadata": {
    "n_items_main": 1080,
    "n_items_edge": 360,
    "n_models_main": 9,
    "n_models_edge": 3,
    "architectures": [
      "full",
      "no-verifier",
      "no-synthesizer",
      "poc"
    ]
  },
  "parte2_impacto_full_vs_poc": {
    "quality": {
      "label": "full vs poc — quality",
      "n": 270,
      "p_value": 7.866166019576793e-18,
      "statistic": 7019.5,
      "rank_biserial": 0.6250697350069735,
      "mean_diff": 0.1432098765432099,
      "median_diff": 0.11111111111111138,
      "direction": {
        "n_models": 9,
        "a_wins": 9,
        "b_wins": 0,
        "ties": 0,
        "a_wins_pct": 1.0
      }
    },
    "completude": {
      "label": "full vs poc — completude",
      "n": 270,
      "p_value": 3.6030819657501485e-17,
      "statistic": 4982.0,
      "rank_biserial": 0.7179600886917961,
      "mean_diff": 0.27530864197530863,
      "median_diff": 0.16666666666666663,
      "direction": {
        "n_models": 9,
        "a_wins": 9,
        "b_wins": 0,
        "ties": 0,
        "a_wins_pct": 1.0
      }
    },
    "fidelidade": {
      "label": "full vs poc — fidelidade",
      "n": 270,
      "p_value": 2.1035952674489657e-10,
      "statistic": 7343.5,
      "rank_biserial": -0.4736635220125786,
      "mean_diff": -0.14074074074074075,
      "median_diff": 0.0,
      "direction": {
        "n_models": 9,
        "a_wins": 0,
        "b_wins": 9,
        "ties": 0,
        "a_wins_pct": 0.0
      }
    },
    "rastreabilidade": {
      "label": "full vs poc — rastreabilidade",
      "n": 270,
      "p_value": 6.367434219680696e-33,
      "statistic": 1800.5,
      "rank_biserial": 0.9066817789291882,
      "mean_diff": 0.2950617283950617,
      "median_diff": 0.33333333333333326,
      "direction": {
        "n_models": 9,
        "a_wins": 9,
        "b_wins": 0,
        "ties": 0,
        "a_wins_pct": 1.0
      }
    },
    "retrieval_precision": {
      "label": "full vs poc — retrieval_precision",
      "n": 180,
      "p_value": 0.09558249483821411,
      "statistic": 1984.0,
      "rank_biserial": -0.22016806722689075,
      "mean_diff": -0.019388888888888886,
      "median_diff": 0.0,
      "direction": {
        "n_models": 9,
        "a_wins": 2,
        "b_wins": 6,
        "ties": 1,
        "a_wins_pct": 0.222
      }
    },
    "retrieval_recall": {
      "label": "full vs poc — retrieval_recall",
      "n": 180,
      "p_value": 0.001373111257110633,
      "statistic": 175.5,
      "rank_biserial": 0.819047619047619,
      "mean_diff": 0.03322222222222222,
      "median_diff": 0.0,
      "direction": {
        "n_models": 9,
        "a_wins": 7,
        "b_wins": 1,
        "ties": 1,
        "a_wins_pct": 0.778
      }
    },
    "latency_total": {
      "label": "full vs poc — latency_total",
      "n": 270,
      "p_value": 3.7541854125416584e-44,
      "statistic": 393.0,
      "rank_biserial": 0.9785157851578515,
      "mean_diff": 41.81803703703703,
      "median_diff": 17.325,
      "direction": {
        "n_models": 9,
        "a_wins": 9,
        "b_wins": 0,
        "ties": 0,
        "a_wins_pct": 1.0
      }
    },
    "match_type": {
      "label": "full vs poc — match_type",
      "n": 270,
      "b_a_only": 3,
      "c_b_only": 8,
      "p_value": 0.2265625,
      "prop_a": 0.9518518518518518,
      "prop_b": 0.9703703703703703
    },
    "match_agents": {
      "label": "full vs poc — match_agents",
      "n": 270,
      "b_a_only": 3,
      "c_b_only": 0,
      "p_value": 0.25,
      "prop_a": 1.0,
      "prop_b": 0.9888888888888889
    },
    "sql_match": {
      "label": "full vs poc — sql_match",
      "n": 270,
      "b_a_only": 40,
      "c_b_only": 18,
      "p_value": 0.005354859650800294,
      "prop_a": 0.43703703703703706,
      "prop_b": 0.35555555555555557
    },
    "friedman_4arch_quality": {
      "label": "Friedman — 4 arquiteturas, quality",
      "n": 270,
      "k": 4,
      "statistic": 144.3570807993047,
      "p_value": 4.344053040314789e-31,
      "kendall_w": 0.17821861827074653
    }
  },
  "parte3_ablacao_sequencial": {
    "verifier": {
      "label": "Contribuição do Verifier",
      "comparacao": "full vs no-verifier",
      "metricas": {
        "quality": {
          "label": "full vs no-verifier — quality",
          "n": 270,
          "p_value": 0.2892720550804999,
          "statistic": 14636.5,
          "rank_biserial": 0.08617405582922824,
          "mean_diff": 0.016460905349794244,
          "median_diff": 0.0
        },
        "completude": {
          "label": "full vs no-verifier — completude",
          "n": 270,
          "p_value": 0.2360257564179815,
          "statistic": 10267.0,
          "rank_biserial": 0.15437867774316372,
          "mean_diff": 0.040740740740740744,
          "median_diff": 0.0
        },
        "fidelidade": {
          "label": "full vs no-verifier — fidelidade",
          "n": 270,
          "p_value": 0.6147147945909861,
          "statistic": 12407.0,
          "rank_biserial": -0.021714285714285714,
          "mean_diff": -0.008641975308641974,
          "median_diff": 0.0
        },
        "rastreabilidade": {
          "label": "full vs no-verifier — rastreabilidade",
          "n": 270,
          "p_value": 0.5850145009253573,
          "statistic": 6706.0,
          "rank_biserial": 0.09726775956284153,
          "mean_diff": 0.017283950617283952,
          "median_diff": 0.0
        },
        "sql_match": {
          "label": "full vs no-verifier — sql_match",
          "n": 270,
          "p_value": 0.4496917979688909,
          "statistic": 3078.0,
          "rank_biserial": -0.14285714285714285,
          "mean_diff": -0.014814814814814815,
          "median_diff": 0.0
        },
        "retrieval_precision": {
          "label": "full vs no-verifier — retrieval_precision",
          "n": 180,
          "p_value": 0.0530332985348036,
          "statistic": 524.0,
          "rank_biserial": -0.4945054945054945,
          "mean_diff": -0.015666666666666662,
          "median_diff": 0.0
        },
        "retrieval_recall": {
          "label": "full vs no-verifier — retrieval_recall",
          "n": 180,
          "p_value": 0.31731050786291415,
          "statistic": 0.0,
          "rank_biserial": 1.0,
          "mean_diff": 0.005555555555555556,
          "median_diff": 0.0
        },
        "latency_total": {
          "label": "full vs no-verifier — latency_total",
          "n": 270,
          "p_value": 1.4950516364262e-42,
          "statistic": 734.0,
          "rank_biserial": 0.9598742654093207,
          "mean_diff": 35.864925925925924,
          "median_diff": 12.02
        }
      }
    },
    "synthesizer": {
      "label": "Contribuição do Synthesizer",
      "comparacao": "no-verifier vs no-synthesizer",
      "metricas": {
        "quality": {
          "label": "no-verifier vs no-synthesizer — quality",
          "n": 270,
          "p_value": 0.003582428733255871,
          "statistic": 13207.0,
          "rank_biserial": -0.2067750958251321,
          "mean_diff": -0.027572016460905353,
          "median_diff": 0.0
        },
        "completude": {
          "label": "no-verifier vs no-synthesizer — completude",
          "n": 270,
          "p_value": 0.5300692224053289,
          "statistic": 12116.0,
          "rank_biserial": -0.05848413322842906,
          "mean_diff": 0.004938271604938267,
          "median_diff": 0.0
        },
        "fidelidade": {
          "label": "no-verifier vs no-synthesizer — fidelidade",
          "n": 270,
          "p_value": 2.6088996501188542e-11,
          "statistic": 5989.0,
          "rank_biserial": -0.5766970618034448,
          "mean_diff": -0.12839506172839504,
          "median_diff": 0.0
        },
        "rastreabilidade": {
          "label": "no-verifier vs no-synthesizer — rastreabilidade",
          "n": 270,
          "p_value": 0.00022181947151219805,
          "statistic": 6644.5,